{
    "Author": "h1arc",
    "Name": "ModernActionCombo",
    "Punchline": "Simple high-performance combo system for FFXIV",
    "Description": "ModernActionCombo yet another combo consolidator for FFXIV.",
    "InternalName": "ModernActionCombo",
    "AssemblyVersion": "1.2.0.0",
    "RepoUrl": "https://github.com/h1arc/ModernActionCombo",
    "ApplicableVersion": "any",
    "Tags": [
        "combat",
        "combo",
        "rotation",
        "performance",
        "healer",
        "whm"
    ],
    "CategoryTags": [
        "jobs",
        "ui",
        "utility"
    ],
    "DalamudApiLevel": 13,
    "LoadRequiredState": 2,
    "LoadSync": false,
    "CanUnloadAsync": true,
    "LoadPriority": 0,
    "Changelog": "alpha 1.2 - whm mostly usable"
}